Trade number,Type,Date and time,Signal,Price USD,Size (qty),Size (value),Net PnL USD,Return %,Commission USD,Favorable excursion USD,Favorable excursion %,Adverse excursion USD,Adverse excursion %,Cumulative PnL USD,Cumulative PnL %,Duration (bars)
1,Exit long,2026-05-18 02:25,HSL,29223.25,3,175227,109.38,0.06,3.12,125.94,0.07,-16.56,-0.01,109.38,0.01,0
1,Entry long,2026-05-18 02:25,L,29204.5,3,175227,109.38,0.06,3.12,125.94,0.07,-16.56,-0.01,109.38,0.01,0
2,Exit short,2026-05-18 08:45,HSS,29005,2,116342,319.92,0.27,2.08,330.96,0.28,-46.04,-0.04,429.3,0.04,0
2,Entry short,2026-05-18 08:45,S,29085.5,2,116342,319.92,0.27,2.08,330.96,0.28,-46.04,-0.04,429.3,0.04,0
3,Exit short,2026-05-18 19:20,HSS,28997.75,3,174201,211.38,0.12,3.12,227.94,0.13,-31.56,-0.02,640.68,0.06,0
3,Entry short,2026-05-18 19:20,S,29033.5,3,174201,211.38,0.12,3.12,227.94,0.13,-31.56,-0.02,640.68,0.06,0
4,Exit short,2026-05-19 03:15,HSS,28931.25,3,173824.5,233.88,0.13,3.12,250.44,0.14,-25.56,-0.01,874.56,0.09,0
4,Entry short,2026-05-19 03:15,S,28970.75,3,173824.5,233.88,0.13,3.12,250.44,0.14,-25.56,-0.01,874.56,0.09,0
5,Exit short,2026-05-19 08:25,HSS,28691,2,114907,140.92,0.12,2.08,151.96,0.13,-114.04,-0.10,1015.48,0.10,0
5,Entry short,2026-05-19 08:25,S,28726.75,2,114907,140.92,0.12,2.08,151.96,0.13,-114.04,-0.10,1015.48,0.10,0
6,Exit short,2026-05-19 16:30,HSS,28872,3,173247,11.88,0.01,3.12,28.44,0.02,-10.56,-0.01,1027.36,0.10,0
6,Entry short,2026-05-19 16:30,S,28874.5,3,173247,11.88,0.01,3.12,28.44,0.02,-10.56,-0.01,1027.36,0.10,0
7,Exit long,2026-05-20 02:25,HSL,29093,3,174522,32.88,0.02,3.12,49.44,0.03,-163.56,-0.09,1060.24,0.11,1
7,Entry long,2026-05-20 02:20,L,29087,3,174522,32.88,0.02,3.12,49.44,0.03,-163.56,-0.09,1060.24,0.11,1
8,Exit long,2026-05-20 09:15,HSL,29393,2,117055,514.92,0.44,2.08,525.96,0.45,-130.04,-0.11,1575.16,0.16,3
8,Entry long,2026-05-20 09:00,L,29263.75,2,117055,514.92,0.44,2.08,525.96,0.45,-130.04,-0.11,1575.16,0.16,3
9,Exit long,2026-05-20 20:15,HSL,29374.5,3,175887,356.88,0.20,3.12,373.44,0.21,-16.56,-0.01,1932.04,0.19,3
9,Entry long,2026-05-20 20:00,L,29314.5,3,175887,356.88,0.20,3.12,373.44,0.21,-16.56,-0.01,1932.04,0.19,3
10,Exit long,2026-05-21 02:15,HSL,29460.75,3,176238,523.38,0.30,3.12,539.94,0.31,-75.06,-0.04,2455.42,0.25,1
10,Entry long,2026-05-21 02:10,L,29373,3,176238,523.38,0.30,3.12,539.94,0.31,-75.06,-0.04,2455.42,0.25,1
11,Exit long,2026-05-21 11:15,HSL,29435.5,2,117385,354.92,0.30,2.08,365.96,0.31,-63.04,-0.05,2810.34,0.28,0
11,Entry long,2026-05-21 11:15,L,29346.25,2,117385,354.92,0.30,2.08,365.96,0.31,-63.04,-0.05,2810.34,0.28,0
12,Exit long,2026-05-22 02:15,HSL,29641.25,3,177658.5,185.88,0.10,3.12,202.44,0.11,-136.56,-0.08,2996.22,0.30,2
12,Entry long,2026-05-22 02:05,L,29609.75,3,177658.5,185.88,0.10,3.12,202.44,0.11,-136.56,-0.08,2996.22,0.30,2
13,Exit long,2026-05-24 17:30,HSL,29862.75,2,119278,170.92,0.14,2.08,181.96,0.15,-58.04,-0.05,3167.14,0.32,5
13,Entry long,2026-05-24 17:05,L,29819.5,2,119278,170.92,0.14,2.08,181.96,0.15,-58.04,-0.05,3167.14,0.32,5
14,Exit short,2026-05-25 17:20,HSS,29839.75,3,179190,148.38,0.08,3.12,164.94,0.09,-31.56,-0.02,3315.52,0.33,0
14,Entry short,2026-05-25 17:20,S,29865,3,179190,148.38,0.08,3.12,164.94,0.09,-31.56,-0.02,3315.52,0.33,0
15,Exit long,2026-05-26 04:25,HSL,29903.25,3,179221.5,194.88,0.11,3.12,211.44,0.12,-51.06,-0.03,3510.4,0.35,2
15,Entry long,2026-05-26 04:15,L,29870.25,3,179221.5,194.88,0.11,3.12,211.44,0.12,-51.06,-0.03,3510.4,0.35,2
16,Exit long,2026-05-26 08:20,HSL,30063,2,120121,128.92,0.11,2.08,139.96,0.12,-91.04,-0.08,3639.32,0.36,1
16,Entry long,2026-05-26 08:15,L,30030.25,2,120121,128.92,0.11,2.08,139.96,0.12,-91.04,-0.08,3639.32,0.36,1
17,Exit long,2026-05-26 18:45,HSL,30135,3,180735,71.88,0.04,3.12,88.44,0.05,-199.56,-0.11,3711.2,0.37,2
17,Entry long,2026-05-26 18:35,L,30122.5,3,180735,71.88,0.04,3.12,88.44,0.05,-199.56,-0.11,3711.2,0.37,2
18,Exit long,2026-05-27 02:10,HSL,30165.5,3,180933,56.88,0.03,3.12,73.44,0.04,-31.56,-0.02,3768.08,0.38,0
18,Entry long,2026-05-27 02:10,L,30155.5,3,180933,56.88,0.03,3.12,73.44,0.04,-31.56,-0.02,3768.08,0.38,0
19,Exit short,2026-05-27 10:40,HSS,30022.5,2,119607,-485.08,-0.41,2.08,96.96,0.08,-484.04,-0.40,3283,0.33,16
19,Entry short,2026-05-27 09:20,S,29901.75,2,119607,-485.08,-0.41,2.08,96.96,0.08,-484.04,-0.40,3283,0.33,16
20,Exit short,2026-05-27 17:35,HSS,30004,3,180100.5,73.38,0.04,3.12,89.94,0.05,-58.56,-0.03,3356.38,0.34,0
20,Entry short,2026-05-27 17:35,S,30016.75,3,180100.5,73.38,0.04,3.12,89.94,0.05,-58.56,-0.03,3356.38,0.34,0
21,Exit short,2026-05-28 05:10,HSS,29875.25,3,179310,55.38,0.03,3.12,71.94,0.04,-43.56,-0.02,3411.76,0.34,0
21,Entry short,2026-05-28 05:10,S,29885,3,179310,55.38,0.03,3.12,71.94,0.04,-43.56,-0.02,3411.76,0.34,0
22,Exit long,2026-05-28 09:00,HSL,30233.25,2,120757,173.92,0.14,2.08,184.96,0.15,-36.04,-0.03,3585.68,0.36,0
22,Entry long,2026-05-28 09:00,L,30189.25,2,120757,173.92,0.14,2.08,184.96,0.15,-36.04,-0.03,3585.68,0.36,0
23,Exit short,2026-05-28 19:00,HSS,30218.75,3,181435.5,119.88,0.07,3.12,136.44,0.08,-139.56,-0.08,3705.56,0.37,1
23,Entry short,2026-05-28 18:55,S,30239.25,3,181435.5,119.88,0.07,3.12,136.44,0.08,-139.56,-0.08,3705.56,0.37,1
24,Exit short,2026-05-29 01:35,HSS,30269,3,181752,134.88,0.07,3.12,151.44,0.08,-13.56,-0.01,3840.44,0.38,0
24,Entry short,2026-05-29 01:35,S,30292,3,181752,134.88,0.07,3.12,151.44,0.08,-13.56,-0.01,3840.44,0.38,0
25,Exit short,2026-05-29 11:55,HSS,30298.25,2,121314,118.92,0.10,2.08,129.96,0.11,-9.04,-0.01,3959.36,0.40,0
25,Entry short,2026-05-29 11:55,S,30328.5,2,121314,118.92,0.10,2.08,129.96,0.11,-9.04,-0.01,3959.36,0.40,0
26,Exit long,2026-05-31 18:00,HSL,30510,2,121898,139.92,0.11,2.08,150.96,0.12,-95.04,-0.08,4099.28,0.41,11
26,Entry long,2026-05-31 17:05,L,30474.5,2,121898,139.92,0.11,2.08,150.96,0.12,-95.04,-0.08,4099.28,0.41,11
27,Exit short,2026-06-01 01:35,HSS,30505.75,3,183123,85.38,0.05,3.12,101.94,0.06,-69.06,-0.04,4184.66,0.42,1
27,Entry short,2026-06-01 01:30,S,30520.5,3,183123,85.38,0.05,3.12,101.94,0.06,-69.06,-0.04,4184.66,0.42,1
28,Exit long,2026-06-01 10:50,HSL,30572.5,2,122128,159.92,0.13,2.08,170.96,0.14,-101.04,-0.08,4344.58,0.43,3
28,Entry long,2026-06-01 10:35,L,30532,2,122128,159.92,0.13,2.08,170.96,0.14,-101.04,-0.08,4344.58,0.43,3
29,Exit short,2026-06-01 18:15,HSS,30391.5,3,182472,119.88,0.07,3.12,136.44,0.07,-145.56,-0.08,4464.46,0.45,0
29,Entry short,2026-06-01 18:15,S,30412,3,182472,119.88,0.07,3.12,136.44,0.07,-145.56,-0.08,4464.46,0.45,0
30,Exit long,2026-06-02 03:50,HSL,30585.25,3,183471,37.38,0.02,3.12,53.94,0.03,-67.56,-0.04,4501.84,0.45,1
30,Entry long,2026-06-02 03:45,L,30578.5,3,183471,37.38,0.02,3.12,53.94,0.03,-67.56,-0.04,4501.84,0.45,1
31,Exit long,2026-06-02 09:05,HSL,30655,2,122500,117.92,0.10,2.08,128.96,0.11,-96.04,-0.08,4619.76,0.46,4
31,Entry long,2026-06-02 08:45,L,30625,2,122500,117.92,0.10,2.08,128.96,0.11,-96.04,-0.08,4619.76,0.46,4
32,Exit short,2026-06-02 17:10,HSS,30669,3,184023,5.88,0.00,3.12,22.44,0.01,-10.56,-0.01,4625.64,0.46,0
32,Entry short,2026-06-02 17:10,S,30670.5,3,184023,5.88,0.00,3.12,22.44,0.01,-10.56,-0.01,4625.64,0.46,0
33,Exit short,2026-06-03 10:15,HSS,30567.75,2,122363,89.92,0.07,2.08,100.96,0.08,-131.04,-0.11,4715.56,0.47,1
33,Entry short,2026-06-03 10:10,S,30590.75,2,122363,89.92,0.07,2.08,100.96,0.08,-131.04,-0.11,4715.56,0.47,1
34,Exit short,2026-06-03 17:20,HSS,30390.5,3,182442,95.88,0.05,3.12,112.44,0.06,-67.56,-0.04,4811.44,0.48,0
34,Entry short,2026-06-03 17:20,S,30407,3,182442,95.88,0.05,3.12,112.44,0.06,-67.56,-0.04,4811.44,0.48,0
35,Exit short,2026-06-04 02:05,HSS,30433,3,182815.5,214.38,0.12,3.12,230.94,0.13,-61.56,-0.03,5025.82,0.50,0
35,Entry short,2026-06-04 02:05,S,30469.25,3,182815.5,214.38,0.12,3.12,230.94,0.13,-61.56,-0.03,5025.82,0.50,0
36,Exit long,2026-06-04 11:10,HSL,30499.75,2,121856,140.92,0.12,2.08,151.96,0.12,-409.04,-0.34,5166.74,0.52,22
36,Entry long,2026-06-04 09:20,L,30464,2,121856,140.92,0.12,2.08,151.96,0.12,-409.04,-0.34,5166.74,0.52,22
37,Exit short,2026-06-04 17:10,HSS,30323,3,182013,71.88,0.04,3.12,88.44,0.05,-217.56,-0.12,5238.62,0.52,5
37,Entry short,2026-06-04 16:45,S,30335.5,3,182013,71.88,0.04,3.12,88.44,0.05,-217.56,-0.12,5238.62,0.52,5
38,Exit long,2026-06-05 02:30,HSL,30214.75,3,181113,172.38,0.10,3.12,194.94,0.11,-36.06,-0.02,5411,0.54,1
38,Entry long,2026-06-05 02:25,L,30185.5,3,181113,172.38,0.10,3.12,194.94,0.11,-36.06,-0.02,5411,0.54,1
39,Exit short,2026-06-05 08:05,HSS,29764.5,2,119136,75.92,0.06,2.08,86.96,0.07,-7.04,-0.01,5486.92,0.55,0
39,Entry short,2026-06-05 08:05,S,29784,2,119136,75.92,0.06,2.08,86.96,0.07,-7.04,-0.01,5486.92,0.55,0
40,Exit long,2026-06-07 18:15,HSL,29189.5,2,116563,192.92,0.17,2.08,203.96,0.17,-175.04,-0.15,5679.84,0.57,2
40,Entry long,2026-06-07 18:05,L,29140.75,2,116563,192.92,0.17,2.08,203.96,0.17,-175.04,-0.15,5679.84,0.57,2
41,Exit long,2026-06-08 01:50,HSL,29278,3,175579.5,85.38,0.05,3.12,101.94,0.06,-69.06,-0.04,5765.22,0.58,0
41,Entry long,2026-06-08 01:50,L,29263.25,3,175579.5,85.38,0.05,3.12,101.94,0.06,-69.06,-0.04,5765.22,0.58,0
42,Exit long,2026-06-08 09:20,HSL,29740.5,2,118785,174.92,0.15,2.08,185.96,0.16,-25.04,-0.02,5940.14,0.59,3
42,Entry long,2026-06-08 09:05,L,29696.25,2,118785,174.92,0.15,2.08,185.96,0.16,-25.04,-0.02,5940.14,0.59,3
43,Exit long,2026-06-08 21:35,HSL,29578.75,3,177373.5,95.88,0.05,3.12,112.44,0.06,-25.56,-0.01,6036.02,0.60,0
43,Entry long,2026-06-08 21:35,L,29562.25,3,177373.5,95.88,0.05,3.12,112.44,0.06,-25.56,-0.01,6036.02,0.60,0
44,Exit long,2026-06-09 06:15,HSL,29669.75,3,178320,-304.62,-0.17,3.12,26.94,0.02,-303.06,-0.17,5731.4,0.57,6
44,Entry long,2026-06-09 05:45,L,29720,3,178320,-304.62,-0.17,3.12,26.94,0.02,-303.06,-0.17,5731.4,0.57,6
45,Exit short,2026-06-09 08:20,HSS,29362.75,2,117642,188.92,0.16,2.08,199.96,0.17,-7.04,-0.01,5920.32,0.59,0
45,Entry short,2026-06-09 08:20,S,29410.5,2,117642,188.92,0.16,2.08,199.96,0.17,-7.04,-0.01,5920.32,0.59,0
46,Exit short,2026-06-09 20:25,HSS,28976.25,3,173962.5,101.88,0.06,3.12,118.44,0.07,-10.56,-0.01,6022.2,0.60,0
46,Entry short,2026-06-09 20:25,S,28993.75,3,173962.5,101.88,0.06,3.12,118.44,0.07,-10.56,-0.01,6022.2,0.60,0
47,Exit short,2026-06-10 02:15,HSS,28868.5,3,173245.5,31.38,0.02,3.12,47.94,0.03,-10.56,-0.01,6053.58,0.61,0
47,Entry short,2026-06-10 02:15,S,28874.25,3,173245.5,31.38,0.02,3.12,47.94,0.03,-10.56,-0.01,6053.58,0.61,0
48,Exit long,2026-06-10 18:55,HSL,28563,3,171216,158.88,0.09,3.12,175.44,0.10,-21.06,-0.01,6212.46,0.62,0
48,Entry long,2026-06-10 18:55,L,28536,3,171216,158.88,0.09,3.12,175.44,0.10,-21.06,-0.01,6212.46,0.62,0
49,Exit long,2026-06-11 02:05,HSL,28914.5,3,173224.5,259.38,0.15,3.12,275.94,0.16,-36.06,-0.02,6471.84,0.65,0
49,Entry long,2026-06-11 02:05,L,28870.75,3,173224.5,259.38,0.15,3.12,275.94,0.16,-36.06,-0.02,6471.84,0.65,0
50,Exit long,2026-06-11 07:55,HSL,29007,3,173820,218.88,0.13,3.12,235.44,0.14,-10.56,-0.01,6690.72,0.67,0
50,Entry long,2026-06-11 07:55,L,28970,3,173820,218.88,0.13,3.12,235.44,0.14,-10.56,-0.01,6690.72,0.67,0
51,Exit long,2026-06-11 17:45,HSL,29589.5,3,177394.5,139.38,0.08,3.12,155.94,0.09,-13.56,-0.01,6830.1,0.68,0
51,Entry long,2026-06-11 17:45,L,29565.75,3,177394.5,139.38,0.08,3.12,155.94,0.09,-13.56,-0.01,6830.1,0.68,0
52,Exit long,2026-06-12 02:20,HSL,29567.5,3,177234,167.88,0.09,3.12,184.44,0.10,-162.06,-0.09,6997.98,0.70,0
52,Entry long,2026-06-12 02:20,L,29539,3,177234,167.88,0.09,3.12,184.44,0.10,-162.06,-0.09,6997.98,0.70,0
53,Exit long,2026-06-12 09:10,HSL,29701.5,2,118537,266.92,0.23,2.08,277.96,0.23,-149.04,-0.13,7264.9,0.73,2
53,Entry long,2026-06-12 09:00,L,29634.25,2,118537,266.92,0.23,2.08,277.96,0.23,-149.04,-0.13,7264.9,0.73,2
54,Exit long,2026-06-14 23:05,HSL,30538.75,2,121935,217.92,0.18,2.08,228.96,0.19,-125.04,-0.10,7482.82,0.75,40
54,Entry long,2026-06-14 19:45,L,30483.75,2,121935,217.92,0.18,2.08,228.96,0.19,-125.04,-0.10,7482.82,0.75,40
55,Exit long,2026-06-15 02:35,HSL,30612.5,3,183625.5,46.38,0.03,3.12,62.94,0.03,-46.56,-0.03,7529.2,0.75,1
55,Entry long,2026-06-15 02:30,L,30604.25,3,183625.5,46.38,0.03,3.12,62.94,0.03,-46.56,-0.03,7529.2,0.75,1
56,Exit long,2026-06-15 09:20,HSL,30837,2,123217,128.92,0.10,2.08,139.96,0.11,-33.04,-0.03,7658.12,0.77,3
56,Entry long,2026-06-15 09:05,L,30804.25,2,123217,128.92,0.10,2.08,139.96,0.11,-33.04,-0.03,7658.12,0.77,3
57,Exit long,2026-06-16 02:30,HSL,30904.25,3,185332.5,89.88,0.05,3.12,106.44,0.06,-94.56,-0.05,7748,0.77,2
57,Entry long,2026-06-16 02:20,L,30888.75,3,185332.5,89.88,0.05,3.12,106.44,0.06,-94.56,-0.05,7748,0.77,2
58,Exit short,2026-06-16 08:40,HSS,30655,2,122689,66.92,0.05,2.08,77.96,0.06,-7.04,-0.01,7814.92,0.78,0
58,Entry short,2026-06-16 08:40,S,30672.25,2,122689,66.92,0.05,2.08,77.96,0.06,-7.04,-0.01,7814.92,0.78,0
59,Exit long,2026-06-16 19:40,HSL,30438.25,3,182598,28.38,0.02,3.12,44.94,0.02,-10.56,-0.01,7843.3,0.78,0
59,Entry long,2026-06-16 19:40,L,30433,3,182598,28.38,0.02,3.12,44.94,0.02,-10.56,-0.01,7843.3,0.78,0
60,Exit short,2026-06-17 02:35,HSS,30480.5,3,182994,107.88,0.06,3.12,124.44,0.07,-33.06,-0.02,7951.18,0.80,0
60,Entry short,2026-06-17 02:35,S,30499,3,182994,107.88,0.06,3.12,124.44,0.07,-33.06,-0.02,7951.18,0.80,0
61,Exit short,2026-06-17 12:10,HSS,30221.5,2,121019,130.92,0.11,2.08,141.96,0.12,-151.04,-0.12,8082.1,0.81,0
61,Entry short,2026-06-17 12:10,S,30254.75,2,121019,130.92,0.11,2.08,141.96,0.12,-151.04,-0.12,8082.1,0.81,0
62,Exit long,2026-06-17 17:20,HSL,30293,3,181501.5,253.38,0.14,3.12,269.94,0.15,-153.06,-0.08,8335.48,0.83,6
62,Entry long,2026-06-17 16:50,L,30250.25,3,181501.5,253.38,0.14,3.12,269.94,0.15,-153.06,-0.08,8335.48,0.83,6
63,Exit long,2026-06-18 03:55,HSL,30493.5,3,182898,59.88,0.03,3.12,76.44,0.04,-21.06,-0.01,8395.36,0.84,1
63,Entry long,2026-06-18 03:50,L,30483,3,182898,59.88,0.03,3.12,76.44,0.04,-21.06,-0.01,8395.36,0.84,1
64,Exit long,2026-06-18 11:05,HSL,30723.5,2,122692,199.92,0.16,2.08,210.96,0.17,-88.04,-0.07,8595.28,0.86,8
64,Entry long,2026-06-18 10:25,L,30673,2,122692,199.92,0.16,2.08,210.96,0.17,-88.04,-0.07,8595.28,0.86,8
65,Exit short,2026-06-18 16:35,HSS,30655.75,3,184051.5,113.88,0.06,3.12,130.44,0.07,-13.56,-0.01,8709.16,0.87,0
65,Entry short,2026-06-18 16:35,S,30675.25,3,184051.5,113.88,0.06,3.12,130.44,0.07,-13.56,-0.01,8709.16,0.87,0
66,Exit long,2026-06-19 01:55,HSL,30631,3,183718.5,64.38,0.04,3.12,80.94,0.04,-33.06,-0.02,8773.54,0.88,0
66,Entry long,2026-06-19 01:55,L,30619.75,3,183718.5,64.38,0.04,3.12,80.94,0.04,-33.06,-0.02,8773.54,0.88,0
67,Exit short,2026-06-21 17:35,HSS,30351,2,121628,221.92,0.18,2.08,232.96,0.19,-20.04,-0.02,8995.46,0.90,0
67,Entry short,2026-06-21 17:35,S,30407,2,121628,221.92,0.18,2.08,232.96,0.19,-20.04,-0.02,8995.46,0.90,0
68,Exit short,2026-06-22 02:30,HSS,30694.75,3,184201.5,29.88,0.02,3.12,46.44,0.03,-10.56,-0.01,9025.34,0.90,0
68,Entry short,2026-06-22 02:30,S,30700.25,3,184201.5,29.88,0.02,3.12,46.44,0.03,-10.56,-0.01,9025.34,0.90,0
69,Exit short,2026-06-22 08:50,HSS,30559.5,2,122517,276.92,0.23,2.08,287.96,0.24,-107.04,-0.09,9302.26,0.93,0
69,Entry short,2026-06-22 08:50,S,30629.25,2,122517,276.92,0.23,2.08,287.96,0.24,-107.04,-0.09,9302.26,0.93,0
70,Exit short,2026-06-22 16:40,HSS,30571.5,3,183565.5,133.38,0.07,3.12,149.94,0.08,-27.06,-0.01,9435.64,0.94,0
70,Entry short,2026-06-22 16:40,S,30594.25,3,183565.5,133.38,0.07,3.12,149.94,0.08,-27.06,-0.01,9435.64,0.94,0
71,Exit short,2026-06-23 02:10,HSS,29852,3,179340,224.88,0.13,3.12,241.44,0.13,-54.06,-0.03,9660.52,0.97,0
71,Entry short,2026-06-23 02:10,S,29890,3,179340,224.88,0.13,3.12,241.44,0.13,-54.06,-0.03,9660.52,0.97,0
72,Exit long,2026-06-23 08:20,HSL,30044.25,2,119950,224.92,0.19,2.08,235.96,0.20,-217.04,-0.18,9885.44,0.99,3
72,Entry long,2026-06-23 08:05,L,29987.5,2,119950,224.92,0.19,2.08,235.96,0.20,-217.04,-0.18,9885.44,0.99,3
73,Exit short,2026-06-23 16:30,HSS,29670.5,3,178228.5,202.38,0.11,3.12,218.94,0.12,-142.56,-0.08,10087.82,1.01,0
73,Entry short,2026-06-23 16:30,S,29704.75,3,178228.5,202.38,0.11,3.12,218.94,0.12,-142.56,-0.08,10087.82,1.01,0
74,Exit short,2026-06-24 05:35,HSS,29801,3,178522.5,-286.62,-0.16,3.12,10.44,0.01,-285.06,-0.16,9801.2,0.98,1
74,Entry short,2026-06-24 05:30,S,29753.75,3,178522.5,-286.62,-0.16,3.12,10.44,0.01,-285.06,-0.16,9801.2,0.98,1
75,Exit short,2026-06-24 11:25,HSS,29405.5,2,117820,195.92,0.17,2.08,206.96,0.18,-40.04,-0.03,9997.12,1.00,0
75,Entry short,2026-06-24 11:25,S,29455,2,117820,195.92,0.17,2.08,206.96,0.18,-40.04,-0.03,9997.12,1.00,0
76,Exit short,2026-06-24 18:35,HSS,29974.5,3,179950.5,100.38,0.06,3.12,116.94,0.06,-46.56,-0.03,10097.5,1.01,0
76,Entry short,2026-06-24 18:35,S,29991.75,3,179950.5,100.38,0.06,3.12,116.94,0.06,-46.56,-0.03,10097.5,1.01,0
77,Exit long,2026-06-25 02:05,HSL,30206.5,3,181147.5,88.38,0.05,3.12,104.94,0.06,-30.06,-0.02,10185.88,1.02,0
77,Entry long,2026-06-25 02:05,L,30191.25,3,181147.5,88.38,0.05,3.12,104.94,0.06,-30.06,-0.02,10185.88,1.02,0
78,Exit short,2026-06-25 19:40,HSS,29508.5,3,177298.5,244.38,0.14,3.12,260.94,0.15,-30.06,-0.02,10430.26,1.04,0
78,Entry short,2026-06-25 19:40,S,29549.75,3,177298.5,244.38,0.14,3.12,260.94,0.15,-30.06,-0.02,10430.26,1.04,0
79,Exit short,2026-06-26 03:10,HSS,29366.75,3,176280,76.38,0.04,3.12,92.94,0.05,-154.56,-0.09,10506.64,1.05,1
79,Entry short,2026-06-26 03:05,S,29380,3,176280,76.38,0.04,3.12,92.94,0.05,-154.56,-0.09,10506.64,1.05,1
80,Exit long,2026-06-26 08:20,HSL,29661.75,2,118287,357.92,0.30,2.08,368.96,0.31,-276.04,-0.23,10864.56,1.09,2
80,Entry long,2026-06-26 08:10,L,29571.75,2,118287,357.92,0.30,2.08,368.96,0.31,-276.04,-0.23,10864.56,1.09,2
81,Exit long,2026-06-28 17:35,HSL,29678,2,118406,303.92,0.26,2.08,314.96,0.27,-47.04,-0.04,11168.48,1.12,6
81,Entry long,2026-06-28 17:05,L,29601.5,2,118406,303.92,0.26,2.08,314.96,0.27,-47.04,-0.04,11168.48,1.12,6
82,Exit long,2026-06-29 01:45,HSL,29693.5,3,178033.5,124.38,0.07,3.12,140.94,0.08,-90.06,-0.05,11292.86,1.13,1
82,Entry long,2026-06-29 01:40,L,29672.25,3,178033.5,124.38,0.07,3.12,140.94,0.08,-90.06,-0.05,11292.86,1.13,1
83,Exit short,2026-06-29 08:20,HSS,29339.5,2,117522,161.92,0.14,2.08,172.96,0.15,-7.04,-0.01,11454.78,1.15,0
83,Entry short,2026-06-29 08:20,S,29380.5,2,117522,161.92,0.14,2.08,172.96,0.15,-7.04,-0.01,11454.78,1.15,0
84,Exit long,2026-06-29 21:35,HSL,30115.5,3,180477,212.88,0.12,3.12,229.44,0.13,-49.56,-0.03,11667.66,1.17,0
84,Entry long,2026-06-29 21:35,L,30079.5,3,180477,212.88,0.12,3.12,229.44,0.13,-49.56,-0.03,11667.66,1.17,0
85,Exit short,2026-06-30 02:00,HSS,30068.75,3,180480,64.38,0.04,3.12,80.94,0.04,-10.56,-0.01,11732.04,1.17,0
85,Entry short,2026-06-30 02:00,S,30080,3,180480,64.38,0.04,3.12,80.94,0.04,-10.56,-0.01,11732.04,1.17,0
86,Exit long,2026-06-30 09:55,HSL,30465.5,2,121649,210.92,0.17,2.08,221.96,0.18,-521.04,-0.43,11942.96,1.19,18
86,Entry long,2026-06-30 08:25,L,30412.25,2,121649,210.92,0.17,2.08,221.96,0.18,-521.04,-0.43,11942.96,1.19,18
87,Exit short,2026-06-30 19:50,HSS,30454.5,3,182775,44.88,0.02,3.12,61.44,0.03,-28.56,-0.02,11987.84,1.20,0
87,Entry short,2026-06-30 19:50,S,30462.5,3,182775,44.88,0.02,3.12,61.44,0.03,-28.56,-0.02,11987.84,1.20,0
88,Exit long,2026-07-01 05:35,HSL,30376.75,3,182557.5,-300.12,-0.16,3.12,53.94,0.03,-298.56,-0.16,11687.72,1.17,6
88,Entry long,2026-07-01 05:05,L,30426.25,3,182557.5,-300.12,-0.16,3.12,53.94,0.03,-298.56,-0.16,11687.72,1.17,6
89,Exit long,2026-07-01 10:35,HSL,30215.5,2,121375,-515.08,-0.42,2.08,54.96,0.05,-514.04,-0.42,11172.64,1.12,13
89,Entry long,2026-07-01 09:30,L,30343.75,2,121375,-515.08,-0.42,2.08,54.96,0.05,-514.04,-0.42,11172.64,1.12,13
90,Exit short,2026-07-01 18:35,HSS,30068.75,3,179727,-688.62,-0.38,3.12,0,0.00,-687.06,-0.38,10484.02,1.05,6
90,Entry short,2026-07-01 18:05,S,29954.5,3,179727,-688.62,-0.38,3.12,0,0.00,-687.06,-0.38,10484.02,1.05,6
91,Exit long,2026-07-02 02:50,HSL,30025,3,180013.5,133.38,0.07,3.12,149.94,0.08,-34.56,-0.02,10617.4,1.06,0
91,Entry long,2026-07-02 02:50,L,30002.25,3,180013.5,133.38,0.07,3.12,149.94,0.08,-34.56,-0.02,10617.4,1.06,0
92,Exit short,2026-07-02 08:50,HSS,29733,2,119297,362.92,0.30,2.08,373.96,0.31,-116.04,-0.10,10980.32,1.10,0
92,Entry short,2026-07-02 08:50,S,29824.25,2,119297,362.92,0.30,2.08,373.96,0.31,-116.04,-0.10,10980.32,1.10,0
93,Exit long,2026-07-02 19:45,HSL,29688.75,3,178059,70.38,0.04,3.12,86.94,0.05,-105.06,-0.06,11050.7,1.11,0
93,Entry long,2026-07-02 19:45,L,29676.5,3,178059,70.38,0.04,3.12,86.94,0.05,-105.06,-0.06,11050.7,1.11,0
94,Exit long,2026-07-03 03:30,HSL,29894.75,3,179335.5,29.88,0.02,3.12,46.44,0.03,-85.56,-0.05,11080.58,1.11,1
94,Entry long,2026-07-03 03:25,L,29889.25,3,179335.5,29.88,0.02,3.12,46.44,0.03,-85.56,-0.05,11080.58,1.11,1
95,Exit short,2026-07-05 19:45,HSS,29772.5,2,119257,164.92,0.14,2.08,175.96,0.15,-13.04,-0.01,11245.5,1.12,0
95,Entry short,2026-07-05 19:45,S,29814.25,2,119257,164.92,0.14,2.08,175.96,0.15,-13.04,-0.01,11245.5,1.12,0
96,Exit long,2026-07-06 05:55,HSL,29912.5,3,179376,95.88,0.05,3.12,112.44,0.06,-153.06,-0.09,11341.38,1.13,4
96,Entry long,2026-07-06 05:35,L,29896,3,179376,95.88,0.05,3.12,112.44,0.06,-153.06,-0.09,11341.38,1.13,4
97,Exit long,2026-07-06 08:50,HSL,30065.75,2,120093,167.92,0.14,2.08,178.96,0.15,-148.04,-0.12,11509.3,1.15,7
97,Entry long,2026-07-06 08:15,L,30023.25,2,120093,167.92,0.14,2.08,178.96,0.15,-148.04,-0.12,11509.3,1.15,7
98,Exit short,2026-07-06 17:15,HSS,29874.5,3,179358,107.88,0.06,3.12,124.44,0.07,-222.06,-0.12,11617.18,1.16,3
98,Entry short,2026-07-06 17:00,S,29893,3,179358,107.88,0.06,3.12,124.44,0.07,-222.06,-0.12,11617.18,1.16,3
99,Exit short,2026-07-07 05:05,HSS,29605.75,3,177727.5,89.88,0.05,3.12,106.44,0.06,-48.06,-0.03,11707.06,1.17,0
99,Entry short,2026-07-07 05:05,S,29621.25,3,177727.5,89.88,0.05,3.12,106.44,0.06,-48.06,-0.03,11707.06,1.17,0
100,Exit short,2026-07-07 08:15,HSS,29309,2,117363,124.92,0.11,2.08,135.96,0.12,-114.04,-0.10,11831.98,1.18,0
100,Entry short,2026-07-07 08:15,S,29340.75,2,117363,124.92,0.11,2.08,135.96,0.12,-114.04,-0.10,11831.98,1.18,0
101,Exit long,2026-07-07 18:45,HSL,29513.75,3,176866.5,212.88,0.12,3.12,229.44,0.13,-18.06,-0.01,12044.86,1.20,1
101,Entry long,2026-07-07 18:40,L,29477.75,3,176866.5,212.88,0.12,3.12,229.44,0.13,-18.06,-0.01,12044.86,1.20,1
102,Exit long,2026-07-08 02:15,HSL,29321,3,176463,-540.12,-0.31,3.12,26.94,0.02,-538.56,-0.31,11504.74,1.15,0
102,Entry long,2026-07-08 02:15,L,29410.5,3,176463,-540.12,-0.31,3.12,26.94,0.02,-538.56,-0.31,11504.74,1.15,0
103,Exit short,2026-07-08 09:25,HSS,29037,2,116247,96.92,0.08,2.08,107.96,0.09,-54.04,-0.05,11601.66,1.16,0
103,Entry short,2026-07-08 09:25,S,29061.75,2,116247,96.92,0.08,2.08,107.96,0.09,-54.04,-0.05,11601.66,1.16,0
104,Exit long,2026-07-08 18:00,HSL,29539,3,176961,269.88,0.15,3.12,286.44,0.16,-18.06,-0.01,11871.54,1.19,0
104,Entry long,2026-07-08 18:00,L,29493.5,3,176961,269.88,0.15,3.12,286.44,0.16,-18.06,-0.01,11871.54,1.19,0
105,Exit long,2026-07-09 02:05,HSL,29731.75,3,178294.5,92.88,0.05,3.12,109.44,0.06,-39.06,-0.02,11964.42,1.20,0
105,Entry long,2026-07-09 02:05,L,29715.75,3,178294.5,92.88,0.05,3.12,109.44,0.06,-39.06,-0.02,11964.42,1.20,0
106,Exit long,2026-07-09 11:10,HSL,29967,2,119624,241.92,0.20,2.08,252.96,0.21,-167.04,-0.14,12206.34,1.22,13
106,Entry long,2026-07-09 10:05,L,29906,2,119624,241.92,0.20,2.08,252.96,0.21,-167.04,-0.14,12206.34,1.22,13
107,Exit short,2026-07-09 18:15,HSS,29864.5,3,179359.5,169.38,0.09,3.12,185.94,0.10,-61.56,-0.03,12375.72,1.24,0
107,Entry short,2026-07-09 18:15,S,29893.25,3,179359.5,169.38,0.09,3.12,185.94,0.10,-61.56,-0.03,12375.72,1.24,0
108,Exit short,2026-07-10 02:05,HSS,29745.75,3,178534.5,56.88,0.03,3.12,73.44,0.04,-10.56,-0.01,12432.6,1.24,0
108,Entry short,2026-07-10 02:05,S,29755.75,3,178534.5,56.88,0.03,3.12,73.44,0.04,-10.56,-0.01,12432.6,1.24,0
109,Exit long,2026-07-10 11:25,HSL,30048.5,2,120071,120.92,0.10,2.08,131.96,0.11,-87.04,-0.07,12553.52,1.26,13
109,Entry long,2026-07-10 10:20,L,30017.75,2,120071,120.92,0.10,2.08,131.96,0.11,-87.04,-0.07,12553.52,1.26,13
110,Exit short,2026-07-12 19:25,HSS,29791.5,2,119240,71.92,0.06,2.08,82.96,0.07,-153.04,-0.13,12625.44,1.26,2
110,Entry short,2026-07-12 19:15,S,29810,2,119240,71.92,0.06,2.08,82.96,0.07,-153.04,-0.13,12625.44,1.26,2
111,Exit long,2026-07-13 02:55,HSL,29748.75,3,178470,19.38,0.01,3.12,35.94,0.02,-10.56,-0.01,12644.82,1.26,0
111,Entry long,2026-07-13 02:55,L,29745,3,178470,19.38,0.01,3.12,35.94,0.02,-10.56,-0.01,12644.82,1.26,0
112,Exit short,2026-07-13 11:50,HSS,29470.75,2,118011,125.92,0.11,2.08,136.96,0.12,-314.04,-0.27,12770.74,1.28,11
112,Entry short,2026-07-13 10:55,S,29502.75,2,118011,125.92,0.11,2.08,136.96,0.12,-314.04,-0.27,12770.74,1.28,11
113,Exit short,2026-07-13 17:00,HSS,29374.5,3,176389.5,139.38,0.08,3.12,155.94,0.09,-39.06,-0.02,12910.12,1.29,0
113,Entry short,2026-07-13 17:00,S,29398.25,3,176389.5,139.38,0.08,3.12,155.94,0.09,-39.06,-0.02,12910.12,1.29,0
114,Exit long,2026-07-14 05:25,HSL,29668,3,177936,68.88,0.04,3.12,85.44,0.05,-94.56,-0.05,12979,1.30,0
114,Entry long,2026-07-14 05:25,L,29656,3,177936,68.88,0.04,3.12,85.44,0.05,-94.56,-0.05,12979,1.30,0
115,Exit long,2026-07-14 13:05,HSL,29781,2,119438,-316.08,-0.26,2.08,71.96,0.06,-315.04,-0.26,12662.92,1.27,20
115,Entry long,2026-07-14 11:25,L,29859.5,2,119438,-316.08,-0.26,2.08,71.96,0.06,-315.04,-0.26,12662.92,1.27,20
116,Exit long,2026-07-14 17:55,HSL,29897.5,3,179353.5,28.38,0.02,3.12,44.94,0.03,-10.56,-0.01,12691.3,1.27,0
116,Entry long,2026-07-14 17:55,L,29892.25,3,179353.5,28.38,0.02,3.12,44.94,0.03,-10.56,-0.01,12691.3,1.27,0
117,Exit short,2026-07-15 02:00,HSS,29921.75,3,179754,220.38,0.12,3.12,236.94,0.13,-277.56,-0.15,12911.68,1.29,5
117,Entry short,2026-07-15 01:35,S,29959,3,179754,220.38,0.12,3.12,236.94,0.13,-277.56,-0.15,12911.68,1.29,5
118,Exit short,2026-07-15 08:25,HSS,29640.5,2,118687,122.92,0.10,2.08,133.96,0.11,-7.04,-0.01,13034.6,1.30,0
118,Entry short,2026-07-15 08:25,S,29671.75,2,118687,122.92,0.10,2.08,133.96,0.11,-7.04,-0.01,13034.6,1.30,0
119,Exit short,2026-07-15 18:40,HSS,29629,3,177918,140.88,0.08,3.12,157.44,0.09,-15.06,-0.01,13175.48,1.32,0
119,Entry short,2026-07-15 18:40,S,29653,3,177918,140.88,0.08,3.12,157.44,0.09,-15.06,-0.01,13175.48,1.32,0
120,Exit short,2026-07-16 01:50,HSS,29565.25,3,177475.5,80.88,0.05,3.12,97.44,0.05,-28.56,-0.02,13256.36,1.33,0
120,Entry short,2026-07-16 01:50,S,29579.25,3,177475.5,80.88,0.05,3.12,97.44,0.05,-28.56,-0.02,13256.36,1.33,0
121,Exit short,2026-07-16 11:40,HSS,29233.5,2,117110,173.92,0.15,2.08,184.96,0.16,-269.04,-0.23,13430.28,1.34,3
121,Entry short,2026-07-16 11:25,S,29277.5,2,117110,173.92,0.15,2.08,184.96,0.16,-269.04,-0.23,13430.28,1.34,3
122,Exit short,2026-07-16 16:40,HSS,29133,3,174849,47.88,0.03,3.12,64.44,0.04,-93.06,-0.05,13478.16,1.35,1
122,Entry short,2026-07-16 16:35,S,29141.5,3,174849,47.88,0.03,3.12,64.44,0.04,-93.06,-0.05,13478.16,1.35,1
123,Exit short,2026-07-17 02:15,HSS,28582.75,3,172050,550.38,0.32,3.12,566.94,0.33,-25.56,-0.01,14028.54,1.40,0
123,Entry short,2026-07-17 02:15,S,28675,3,172050,550.38,0.32,3.12,566.94,0.33,-25.56,-0.01,14028.54,1.40,0
124,Exit long,2026-07-17 09:55,HSL,28946,2,115575,206.92,0.18,2.08,217.96,0.19,-888.04,-0.77,14235.46,1.42,15
124,Entry long,2026-07-17 08:40,L,28893.75,2,115575,206.92,0.18,2.08,217.96,0.19,-888.04,-0.77,14235.46,1.42,15
125,Exit long,2026-07-19 18:05,HSL,28935.25,2,115469,269.92,0.23,2.08,280.96,0.24,-253.04,-0.22,14505.38,1.45,4
125,Entry long,2026-07-19 17:45,L,28867.25,2,115469,269.92,0.23,2.08,280.96,0.24,-253.04,-0.22,14505.38,1.45,4
126,Exit long,2026-07-20 02:00,HSL,28932,3,173463,125.88,0.07,3.12,142.44,0.08,-37.56,-0.02,14631.26,1.46,0
126,Entry long,2026-07-20 02:00,L,28910.5,3,173463,125.88,0.07,3.12,142.44,0.08,-37.56,-0.02,14631.26,1.46,0
127,Exit short,2026-07-20 08:20,HSS,28910,2,115836,193.92,0.17,2.08,204.96,0.18,-108.04,-0.09,14825.18,1.48,0
127,Entry short,2026-07-20 08:20,S,28959,2,115836,193.92,0.17,2.08,204.96,0.18,-108.04,-0.09,14825.18,1.48,0
128,Exit long,2026-07-20 19:05,HSL,28907,3,173341.5,97.38,0.06,3.12,113.94,0.07,-324.06,-0.19,14922.56,1.49,3
128,Entry long,2026-07-20 18:50,L,28890.25,3,173341.5,97.38,0.06,3.12,113.94,0.07,-324.06,-0.19,14922.56,1.49,3
129,Exit long,2026-07-21 09:25,HSL,29297.75,3,175342.5,440.88,0.25,3.12,514.44,0.29,-966.06,-0.55,15363.44,1.54,23
129,Entry long,2026-07-21 07:30,L,29223.75,3,175342.5,440.88,0.25,3.12,514.44,0.29,-966.06,-0.55,15363.44,1.54,23
130,Exit short,2026-07-21 19:10,HSS,29240.5,3,175452,5.88,0.00,3.12,22.44,0.01,-10.56,-0.01,15369.32,1.54,0
130,Entry short,2026-07-21 19:10,S,29242,3,175452,5.88,0.00,3.12,22.44,0.01,-10.56,-0.01,15369.32,1.54,0
131,Exit long,2026-07-22 04:20,HSL,29166,3,174873,119.88,0.07,3.12,136.44,0.08,-193.56,-0.11,15489.2,1.55,3
131,Entry long,2026-07-22 04:05,L,29145.5,3,174873,119.88,0.07,3.12,136.44,0.08,-193.56,-0.11,15489.2,1.55,3
132,Exit long,2026-07-22 09:00,HSL,29272.25,2,116969,117.92,0.10,2.08,128.96,0.11,-9.04,-0.01,15607.12,1.56,0
132,Entry long,2026-07-22 09:00,L,29242.25,2,116969,117.92,0.10,2.08,128.96,0.11,-9.04,-0.01,15607.12,1.56,0
133,Exit long,2026-07-22 18:25,HSL,29254,3,175410,110.88,0.06,3.12,127.44,0.07,-63.06,-0.04,15718,1.57,0
133,Entry long,2026-07-22 18:25,L,29235,3,175410,110.88,0.06,3.12,127.44,0.07,-63.06,-0.04,15718,1.57,0
134,Exit short,2026-07-23 06:20,HSS,28864.75,3,173347.5,155.88,0.09,3.12,172.44,0.10,-48.06,-0.03,15873.88,1.59,0
134,Entry short,2026-07-23 06:20,S,28891.25,3,173347.5,155.88,0.09,3.12,172.44,0.10,-48.06,-0.03,15873.88,1.59,0
135,Exit short,2026-07-23 09:05,HSS,28527.75,2,114266,152.92,0.13,2.08,163.96,0.14,-28.04,-0.02,16026.8,1.60,0
135,Entry short,2026-07-23 09:05,S,28566.5,2,114266,152.92,0.13,2.08,163.96,0.14,-28.04,-0.02,16026.8,1.60,0
136,Exit short,2026-07-23 20:20,HSS,28588.75,3,171625.5,89.88,0.05,3.12,106.44,0.06,-49.56,-0.03,16116.68,1.61,0
136,Entry short,2026-07-23 20:20,S,28604.25,3,171625.5,89.88,0.05,3.12,106.44,0.06,-49.56,-0.03,16116.68,1.61,0
137,Exit long,2026-07-24 03:40,HSL,28699,3,172050,140.88,0.08,3.12,157.44,0.09,-75.06,-0.04,16257.56,1.63,2
137,Entry long,2026-07-24 03:30,L,28675,3,172050,140.88,0.08,3.12,157.44,0.09,-75.06,-0.04,16257.56,1.63,2
138,Exit short,2026-07-24 08:20,HSS,28308.5,2,113326,89.92,0.08,2.08,100.96,0.09,-7.04,-0.01,16347.48,1.63,0
138,Entry short,2026-07-24 08:20,S,28331.5,2,113326,89.92,0.08,2.08,100.96,0.09,-7.04,-0.01,16347.48,1.63,0
139,Exit long,2026-07-27 03:50,HSL,28756,3,172348.5,184.38,0.11,3.12,226.44,0.13,-397.56,-0.23,16531.86,1.65,44
139,Entry long,2026-07-27 00:10,L,28724.75,3,172348.5,184.38,0.11,3.12,226.44,0.13,-397.56,-0.23,16531.86,1.65,44
140,Exit short,2026-07-27 08:15,HSS,28227,2,113006,95.92,0.08,2.08,106.96,0.09,-7.04,-0.01,16627.78,1.66,0
140,Entry short,2026-07-27 08:15,S,28251.5,2,113006,95.92,0.08,2.08,106.96,0.09,-7.04,-0.01,16627.78,1.66,0
141,Exit short,2026-07-27 17:50,HSS,28175.25,3,168658.5,-396.12,-0.23,3.12,10.44,0.01,-394.56,-0.23,16231.66,1.62,9
141,Entry short,2026-07-27 17:05,S,28109.75,3,168658.5,-396.12,-0.23,3.12,10.44,0.01,-394.56,-0.23,16231.66,1.62,9
142,Exit short,2026-07-28 02:10,HSS,27881.75,3,167385,91.38,0.05,3.12,107.94,0.06,-10.56,-0.01,16323.04,1.63,0
142,Entry short,2026-07-28 02:10,S,27897.5,3,167385,91.38,0.05,3.12,107.94,0.06,-10.56,-0.01,16323.04,1.63,0
143,Exit short,2026-07-28 08:45,HSS,27796,2,110705,-481.08,-0.43,2.08,65.96,0.06,-480.04,-0.43,15841.96,1.58,4
143,Entry short,2026-07-28 08:25,S,27676.25,2,110705,-481.08,-0.43,2.08,65.96,0.06,-480.04,-0.43,15841.96,1.58,4
144,Exit short,2026-07-28 16:35,HSS,27857,3,167350.5,205.38,0.12,3.12,221.94,0.13,-114.06,-0.07,16047.34,1.60,0
144,Entry short,2026-07-28 16:35,S,27891.75,3,167350.5,205.38,0.12,3.12,221.94,0.13,-114.06,-0.07,16047.34,1.60,0
145,Exit short,2026-07-29 02:25,HSS,27822.25,3,166981.5,44.88,0.03,3.12,61.44,0.04,-75.06,-0.04,16092.22,1.61,0
145,Entry short,2026-07-29 02:25,S,27830.25,3,166981.5,44.88,0.03,3.12,61.44,0.04,-75.06,-0.04,16092.22,1.61,0
146,Exit short,2026-07-29 08:05,HSS,27719.25,2,111145,265.92,0.24,2.08,276.96,0.25,-164.04,-0.15,16358.14,1.64,0
146,Entry short,2026-07-29 08:05,S,27786.25,2,111145,265.92,0.24,2.08,276.96,0.25,-164.04,-0.15,16358.14,1.64,0
147,Exit long,2026-07-29 19:05,HSL,27658,3,165493.5,451.38,0.27,3.12,467.94,0.28,-561.06,-0.34,16809.52,1.68,11
147,Entry long,2026-07-29 18:10,L,27582.25,3,165493.5,451.38,0.27,3.12,467.94,0.28,-561.06,-0.34,16809.52,1.68,11
148,Exit short,2026-07-30 02:05,HSS,27349.25,3,164229,130.38,0.08,3.12,146.94,0.09,-10.56,-0.01,16939.9,1.69,0
148,Entry short,2026-07-30 02:05,S,27371.5,3,164229,130.38,0.08,3.12,146.94,0.09,-10.56,-0.01,16939.9,1.69,0
149,Exit long,2026-07-30 08:25,HSL,28237.5,2,112645,302.92,0.27,2.08,313.96,0.28,-378.04,-0.34,17242.82,1.72,4
149,Entry long,2026-07-30 08:05,L,28161.25,2,112645,302.92,0.27,2.08,313.96,0.28,-378.04,-0.34,17242.82,1.72,4
150,Exit long,2026-07-30 18:30,HSL,28507.5,3,170814,227.88,0.13,3.12,244.44,0.14,-133.56,-0.08,17470.7,1.75,3
150,Entry long,2026-07-30 18:15,L,28469,3,170814,227.88,0.13,3.12,244.44,0.14,-133.56,-0.08,17470.7,1.75,3
151,Exit long,2026-07-31 02:15,HSL,28598.5,3,171478.5,109.38,0.06,3.12,125.94,0.07,-69.06,-0.04,17580.08,1.76,0
151,Entry long,2026-07-31 02:15,L,28579.75,3,171478.5,109.38,0.06,3.12,125.94,0.07,-69.06,-0.04,17580.08,1.76,0
152,Exit long,2026-08-02 23:50,HSL,28617.5,2,114778,-310.08,-0.27,2.08,0,0.00,-309.04,-0.27,17270,1.73,23
152,Entry long,2026-08-02 21:55,L,28694.5,2,114778,-310.08,-0.27,2.08,0,0.00,-309.04,-0.27,17270,1.73,23
153,Exit short,2026-08-03 02:20,HSS,28491,3,171072,122.88,0.07,3.12,139.44,0.08,-61.56,-0.04,17392.88,1.74,0
153,Entry short,2026-08-03 02:20,S,28512,3,171072,122.88,0.07,3.12,139.44,0.08,-61.56,-0.04,17392.88,1.74,0
154,Exit long,2026-08-03 08:35,HSL,28728.75,2,114654,258.92,0.23,2.08,269.96,0.24,-115.04,-0.10,17651.8,1.77,2
154,Entry long,2026-08-03 08:25,L,28663.5,2,114654,258.92,0.23,2.08,269.96,0.24,-115.04,-0.10,17651.8,1.77,2
155,Exit short,2026-08-03 18:40,HSS,28866.5,3,173287.5,85.38,0.05,3.12,101.94,0.06,-91.56,-0.05,17737.18,1.77,0
155,Entry short,2026-08-03 18:40,S,28881.25,3,173287.5,85.38,0.05,3.12,101.94,0.06,-91.56,-0.05,17737.18,1.77,0
156,Exit long,2026-08-04 05:20,HSL,29164.75,3,174858,127.38,0.07,3.12,143.94,0.08,-141.06,-0.08,17864.56,1.79,3
156,Entry long,2026-08-04 05:05,L,29143,3,174858,127.38,0.07,3.12,143.94,0.08,-141.06,-0.08,17864.56,1.79,3
157,Exit long,2026-08-04 09:10,HSL,29622.25,2,118241,245.92,0.21,2.08,256.96,0.22,-182.04,-0.15,18110.48,1.81,8
157,Entry long,2026-08-04 08:30,L,29560.25,2,118241,245.92,0.21,2.08,256.96,0.22,-182.04,-0.15,18110.48,1.81,8
158,Exit long,2026-08-04 23:10,HSL,29938,3,179569.5,55.38,0.03,3.12,71.94,0.04,-10.56,-0.01,18165.86,1.82,0
158,Entry long,2026-08-04 23:10,L,29928.25,3,179569.5,55.38,0.03,3.12,71.94,0.04,-10.56,-0.01,18165.86,1.82,0
159,Exit short,2026-08-05 02:10,HSS,29856.25,3,179310,169.38,0.09,3.12,185.94,0.10,-247.56,-0.14,18335.24,1.83,5
159,Entry short,2026-08-05 01:45,S,29885,3,179310,169.38,0.09,3.12,185.94,0.10,-247.56,-0.14,18335.24,1.83,5
160,Exit short,2026-08-05 08:55,HSS,29803.75,2,119287,69.92,0.06,2.08,80.96,0.07,-7.04,-0.01,18405.16,1.84,0
160,Entry short,2026-08-05 08:55,S,29821.75,2,119287,69.92,0.06,2.08,80.96,0.07,-7.04,-0.01,18405.16,1.84,0
161,Exit long,2026-08-05 16:45,HSL,29676.25,3,178009.5,44.88,0.03,3.12,61.44,0.03,-157.56,-0.09,18450.04,1.85,2
161,Entry long,2026-08-05 16:35,L,29668.25,3,178009.5,44.88,0.03,3.12,61.44,0.03,-157.56,-0.09,18450.04,1.85,2
162,Exit short,2026-08-06 02:15,HSS,29449.25,3,176752.5,53.88,0.03,3.12,70.44,0.04,-10.56,-0.01,18503.92,1.85,0
162,Entry short,2026-08-06 02:15,S,29458.75,3,176752.5,53.88,0.03,3.12,70.44,0.04,-10.56,-0.01,18503.92,1.85,0
163,Exit long,2026-08-06 08:15,HSL,29650.25,2,118324,274.92,0.23,2.08,285.96,0.24,-13.04,-0.01,18778.84,1.88,1
163,Entry long,2026-08-06 08:10,L,29581,2,118324,274.92,0.23,2.08,285.96,0.24,-13.04,-0.01,18778.84,1.88,1
164,Exit long,2026-08-06 18:15,HSL,29557,3,177670.5,-331.62,-0.19,3.12,43.44,0.02,-330.06,-0.19,18447.22,1.84,2
164,Entry long,2026-08-06 18:05,L,29611.75,3,177670.5,-331.62,-0.19,3.12,43.44,0.02,-330.06,-0.19,18447.22,1.84,2
165,Exit long,2026-08-07 03:00,HSL,29646.25,3,177826.5,47.88,0.03,3.12,64.44,0.04,-174.06,-0.10,18495.1,1.85,5
165,Entry long,2026-08-07 02:35,L,29637.75,3,177826.5,47.88,0.03,3.12,64.44,0.04,-174.06,-0.10,18495.1,1.85,5
166,Exit long,2026-08-10 01:40,HSL,29967,3,179748,50.88,0.03,3.12,67.44,0.04,-429.06,-0.24,18545.98,1.85,17
166,Entry long,2026-08-10 00:15,L,29958,3,179748,50.88,0.03,3.12,67.44,0.04,-429.06,-0.24,18545.98,1.85,17
167,Exit short,2026-08-10 16:40,HSS,29722.75,3,178356,16.38,0.01,3.12,32.94,0.02,-37.56,-0.02,18562.36,1.86,1
167,Entry short,2026-08-10 16:35,S,29726,3,178356,16.38,0.01,3.12,32.94,0.02,-37.56,-0.02,18562.36,1.86,1
168,Exit long,2026-08-11 05:00,HSL,29884.5,3,178941,362.88,0.20,3.12,379.44,0.21,-132.06,-0.07,18925.24,1.89,6
168,Entry long,2026-08-11 04:30,L,29823.5,3,178941,362.88,0.20,3.12,379.44,0.21,-132.06,-0.07,18925.24,1.89,6
169,Exit short,2026-08-11 10:25,HSS,29624.5,2,118604,103.92,0.09,2.08,114.96,0.10,-76.04,-0.06,19029.16,1.90,2
169,Entry short,2026-08-11 10:15,S,29651,2,118604,103.92,0.09,2.08,114.96,0.10,-76.04,-0.06,19029.16,1.90,2
170,Exit long,2026-08-12 02:20,HSL,29790.25,3,178687.5,50.88,0.03,3.12,67.44,0.04,-21.06,-0.01,19080.04,1.91,0
170,Entry long,2026-08-12 02:20,L,29781.25,3,178687.5,50.88,0.03,3.12,67.44,0.04,-21.06,-0.01,19080.04,1.91,0
171,Exit long,2026-08-12 23:15,HSL,29919,3,179500.5,10.38,0.01,3.12,26.94,0.02,-46.56,-0.03,19090.42,1.91,0
171,Entry long,2026-08-12 23:15,L,29916.75,3,179500.5,10.38,0.01,3.12,26.94,0.02,-46.56,-0.03,19090.42,1.91,0
172,Exit long,2026-08-13 08:30,HSL,30264.25,2,120938,116.92,0.10,2.08,127.96,0.11,-29.04,-0.02,19207.34,1.92,0
172,Entry long,2026-08-13 08:30,L,30234.5,2,120938,116.92,0.10,2.08,127.96,0.11,-29.04,-0.02,19207.34,1.92,0
173,Exit short,2026-08-13 19:10,HSS,30126.75,3,180808.5,44.88,0.02,3.12,61.44,0.03,-105.06,-0.06,19252.22,1.93,1
173,Entry short,2026-08-13 19:05,S,30134.75,3,180808.5,44.88,0.02,3.12,61.44,0.03,-105.06,-0.06,19252.22,1.93,1
174,Exit long,2026-08-14 02:30,HSL,30235.5,3,181372.5,37.38,0.02,3.12,53.94,0.03,-172.56,-0.10,19289.6,1.93,4
174,Entry long,2026-08-14 02:10,L,30228.75,3,181372.5,37.38,0.02,3.12,53.94,0.03,-172.56,-0.10,19289.6,1.93,4
175,Exit short,2026-08-14 09:00,HSS,30111.75,2,120486,36.92,0.03,2.08,47.96,0.04,-7.04,-0.01,19326.52,1.93,0
175,Entry short,2026-08-14 09:00,S,30121.5,2,120486,36.92,0.03,2.08,47.96,0.04,-7.04,-0.01,19326.52,1.93,0
176,Exit long,2026-08-17 00:05,HSL,30292.5,3,181750.5,1.38,0.00,3.12,17.94,0.01,-18.06,-0.01,19327.9,1.93,0
176,Entry long,2026-08-17 00:05,L,30291.75,3,181750.5,1.38,0.00,3.12,17.94,0.01,-18.06,-0.01,19327.9,1.93,0
177,Exit short,2026-08-17 06:35,HSS,30196.5,3,181374,191.88,0.11,3.12,208.44,0.11,-21.06,-0.01,19519.78,1.95,0
177,Entry short,2026-08-17 06:35,S,30229,3,181374,191.88,0.11,3.12,208.44,0.11,-21.06,-0.01,19519.78,1.95,0
178,Exit short,2026-08-17 11:25,HSS,30096,2,120431,44.92,0.04,2.08,55.96,0.05,-35.04,-0.03,19564.7,1.96,0
178,Entry short,2026-08-17 11:25,S,30107.75,2,120431,44.92,0.04,2.08,55.96,0.05,-35.04,-0.03,19564.7,1.96,0
179,Exit short,2026-08-17 20:00,HSS,30009,3,180066,8.88,0.00,3.12,25.44,0.01,-10.56,-0.01,19573.58,1.96,0
179,Entry short,2026-08-17 20:00,S,30011,3,180066,8.88,0.00,3.12,25.44,0.01,-10.56,-0.01,19573.58,1.96,0
180,Exit short,2026-08-18 01:50,HSS,29818.75,3,178945.5,29.88,0.02,3.12,46.44,0.03,-153.06,-0.09,19603.46,1.96,3
180,Entry short,2026-08-18 01:35,S,29824.25,3,178945.5,29.88,0.02,3.12,46.44,0.03,-153.06,-0.09,19603.46,1.96,3
181,Exit short,2026-08-18 09:00,HSS,29529,2,118185,66.92,0.06,2.08,77.96,0.07,-7.04,-0.01,19670.38,1.97,0
181,Entry short,2026-08-18 09:00,S,29546.25,2,118185,66.92,0.06,2.08,77.96,0.07,-7.04,-0.01,19670.38,1.97,0
182,Exit short,2026-08-18 18:05,HSS,29465,3,176827.5,34.38,0.02,3.12,50.94,0.03,-10.56,-0.01,19704.76,1.97,0
182,Entry short,2026-08-18 18:05,S,29471.25,3,176827.5,34.38,0.02,3.12,50.94,0.03,-10.56,-0.01,19704.76,1.97,0
183,Exit long,2026-08-19 02:00,HSL,29617.25,3,177610.5,89.88,0.05,3.12,106.44,0.06,-10.56,-0.01,19794.64,1.98,0
183,Entry long,2026-08-19 02:00,L,29601.75,3,177610.5,89.88,0.05,3.12,106.44,0.06,-10.56,-0.01,19794.64,1.98,0
184,Exit short,2026-08-19 08:10,HSS,29415.75,2,117800,134.92,0.11,2.08,145.96,0.12,-50.04,-0.04,19929.56,1.99,0
184,Entry short,2026-08-19 08:10,S,29450,2,117800,134.92,0.11,2.08,145.96,0.12,-50.04,-0.04,19929.56,1.99,0
185,Exit long,2026-08-20 02:00,S,29592.5,3,178062,-510.12,-0.29,3.12,56.94,0.03,-508.56,-0.29,19419.44,1.94,17
185,Entry long,2026-08-20 00:35,L,29677,3,178062,-510.12,-0.29,3.12,56.94,0.03,-508.56,-0.29,19419.44,1.94,17
186,Exit short,2026-08-20 02:00,HSS,29590.5,3,177555,8.88,0.01,3.12,25.44,0.01,-43.56,-0.02,19428.32,1.94,0
186,Entry short,2026-08-20 02:00,S,29592.5,3,177555,8.88,0.01,3.12,25.44,0.01,-43.56,-0.02,19428.32,1.94,0
187,Exit short,2026-08-20 10:40,HSS,29373,2,117108,-386.08,-0.33,2.08,29.96,0.03,-385.04,-0.33,19042.24,1.90,11
187,Entry short,2026-08-20 09:45,S,29277,2,117108,-386.08,-0.33,2.08,29.96,0.03,-385.04,-0.33,19042.24,1.90,11
188,Exit long,2026-08-20 20:50,HSL,29397.25,3,176305.5,74.88,0.04,3.12,91.44,0.05,-51.06,-0.03,19117.12,1.91,5
188,Entry long,2026-08-20 20:25,L,29384.25,3,176305.5,74.88,0.04,3.12,91.44,0.05,-51.06,-0.03,19117.12,1.91,5
189,Exit long,2026-08-21 02:50,HSL,29465.5,3,176736,53.88,0.03,3.12,70.44,0.04,-55.56,-0.03,19171,1.92,1
189,Entry long,2026-08-21 02:45,L,29456,3,176736,53.88,0.03,3.12,70.44,0.04,-55.56,-0.03,19171,1.92,1
190,Exit short,2026-08-21 09:00,HSS,29354,2,117017,-401.08,-0.34,2.08,10.96,0.01,-400.04,-0.34,18769.92,1.88,7
190,Entry short,2026-08-21 08:25,S,29254.25,2,117017,-401.08,-0.34,2.08,10.96,0.01,-400.04,-0.34,18769.92,1.88,7
191,Exit long,2026-08-23 18:15,HSL,29380.75,2,117885,-364.08,-0.31,2.08,35.96,0.03,-363.04,-0.31,18405.84,1.84,5
191,Entry long,2026-08-23 17:50,L,29471.25,2,117885,-364.08,-0.31,2.08,35.96,0.03,-363.04,-0.31,18405.84,1.84,5
192,Exit long,2026-08-24 04:50,HSL,29188.25,3,175461,-334.62,-0.19,3.12,35.94,0.02,-333.06,-0.19,18071.22,1.81,21
192,Entry long,2026-08-24 03:05,L,29243.5,3,175461,-334.62,-0.19,3.12,35.94,0.02,-333.06,-0.19,18071.22,1.81,21
193,Exit short,2026-08-24 18:00,HSS,29072.5,3,174499.5,61.38,0.04,3.12,77.94,0.04,-118.56,-0.07,18132.6,1.81,3
193,Entry short,2026-08-24 17:45,S,29083.25,3,174499.5,61.38,0.04,3.12,77.94,0.04,-118.56,-0.07,18132.6,1.81,3
194,Exit long,2026-08-25 03:40,HSL,29372,3,176179.5,49.38,0.03,3.12,65.94,0.04,-129.06,-0.07,18181.98,1.82,1
194,Entry long,2026-08-25 03:35,L,29363.25,3,176179.5,49.38,0.03,3.12,65.94,0.04,-129.06,-0.07,18181.98,1.82,1
195,Exit short,2026-08-25 08:30,HSS,29185.25,2,116854,110.92,0.09,2.08,121.96,0.10,-14.04,-0.01,18292.9,1.83,0
195,Entry short,2026-08-25 08:30,S,29213.5,2,116854,110.92,0.09,2.08,121.96,0.10,-14.04,-0.01,18292.9,1.83,0
196,Exit short,2026-08-25 17:30,HSS,29233.5,3,175462.5,58.38,0.03,3.12,74.94,0.04,-30.06,-0.02,18351.28,1.84,0
196,Entry short,2026-08-25 17:30,S,29243.75,3,175462.5,58.38,0.03,3.12,74.94,0.04,-30.06,-0.02,18351.28,1.84,0
197,Exit short,2026-08-26 07:05,HSS,29139,3,174862.5,25.38,0.01,3.12,41.94,0.02,-138.06,-0.08,18376.66,1.84,2
197,Entry short,2026-08-26 06:55,S,29143.75,3,174862.5,25.38,0.01,3.12,41.94,0.02,-138.06,-0.08,18376.66,1.84,2
198,Exit long,2026-08-26 18:15,HSL,29560.25,3,177891,-532.62,-0.30,3.12,41.94,0.02,-531.06,-0.30,17844.04,1.78,3
198,Entry long,2026-08-26 18:00,L,29648.5,3,177891,-532.62,-0.30,3.12,41.94,0.02,-531.06,-0.30,17844.04,1.78,3
199,Exit long,2026-08-27 02:10,HSL,29613.25,3,177598.5,77.88,0.04,3.12,94.44,0.05,-31.56,-0.02,17921.92,1.79,0
199,Entry long,2026-08-27 02:10,L,29599.75,3,177598.5,77.88,0.04,3.12,94.44,0.05,-31.56,-0.02,17921.92,1.79,0
200,Exit long,2026-08-27 11:10,HSL,29675.75,2,118564,136.92,0.12,2.08,147.96,0.12,-17.04,-0.01,18058.84,1.81,6
200,Entry long,2026-08-27 10:40,L,29641,2,118564,136.92,0.12,2.08,147.96,0.12,-17.04,-0.01,18058.84,1.81,6
201,Exit long,2026-08-27 20:05,HSL,29695.75,3,178147.5,23.88,0.01,3.12,40.44,0.02,-24.06,-0.01,18082.72,1.81,0
201,Entry long,2026-08-27 20:05,L,29691.25,3,178147.5,23.88,0.01,3.12,40.44,0.02,-24.06,-0.01,18082.72,1.81,0
202,Exit long,2026-08-28 09:40,HSL,29665,2,119190,-532.08,-0.45,2.08,55.96,0.05,-531.04,-0.45,17550.64,1.76,8
202,Entry long,2026-08-28 09:00,L,29797.5,2,119190,-532.08,-0.45,2.08,55.96,0.05,-531.04,-0.45,17550.64,1.76,8
203,Exit short,2026-08-30 17:20,HSS,29394.5,2,117636,55.92,0.05,2.08,66.96,0.06,-31.04,-0.03,17606.56,1.76,1
203,Entry short,2026-08-30 17:15,S,29409,2,117636,55.92,0.05,2.08,66.96,0.06,-31.04,-0.03,17606.56,1.76,1
204,Exit short,2026-08-31 04:00,HSS,29442.5,3,176680.5,22.38,0.01,3.12,38.94,0.02,-61.56,-0.03,17628.94,1.76,2
204,Entry short,2026-08-31 03:50,S,29446.75,3,176680.5,22.38,0.01,3.12,38.94,0.02,-61.56,-0.03,17628.94,1.76,2
