orderId,Account,Order ID,B/S,Contract,Product,Product Description,avgPrice,filledQty,Fill Time,lastCommandId,Status,_priceFormat,_priceFormatType,_tickSize,spreadDefinitionId,Version ID,Timestamp,Date,Quantity,Text,Type,Limit Price,Stop Price,decimalLimit,decimalStop,Filled Qty,Avg Fill Price,decimalFillAvg,Venue,Notional Value,Currency
686035920004,APEX30588500000550,686035920004, Sell,MESZ6,MES,Micro E-mini S&P 500,7776.5,5,10/02/2026 10:37:59,686035920004, Filled,-2,0,0.25,,686035920004,10/02/2026 10:37:56,10/2/26,5,Chart, Limit,7776.50,,7776.5,,5,7776.50,7776.5,,"194,412.50",USD
686035920011,APEX30588500000550,686035920011, Sell,MESZ6,MES,Micro E-mini S&P 500,,,,686035920011, Canceled,-2,0,0.25,,686035920011,10/02/2026 10:39:18,10/2/26,5,Chart, Limit,7784.00,,7784.0,,,,,,,USD
686035920017,APEX30588500000550,686035920017, Buy,MESZ6,MES,Micro E-mini S&P 500,,,,686035920023, Canceled,-2,0,0.25,,686035920023,10/02/2026 10:43:24,10/2/26,5,Chart, Limit,7761.00,,7761.0,,,,,,,USD
686035920020,APEX30588500000550,686035920020, Buy,MESZ6,MES,Micro E-mini S&P 500,7776.0,5,10/02/2026 10:46:19,686035920020, Filled,-2,0,0.25,,686035920020,10/02/2026 10:42:11,10/2/26,5,Chart, Stop,,7776.00,,7776.0,5,7776.00,7776.0,,"194,400.00",USD
686035920035,APEX30588500000550,686035920035, Sell,MESZ6,MES,Micro E-mini S&P 500,7772.5,5,10/02/2026 10:50:19,686035920035, Filled,-2,0,0.25,,686035920035,10/02/2026 10:50:17,10/2/26,5,Chart, Limit,7772.50,,7772.5,,5,7772.50,7772.5,,"194,312.50",USD
686035920041,APEX30588500000550,686035920041, Buy,MESZ6,MES,Micro E-mini S&P 500,,,,686035920048, Canceled,-2,0,0.25,,686035920048,10/02/2026 10:53:39,10/2/26,5,Chart, Limit,7766.50,,7766.5,,,,,,,USD
686035920052,APEX30588500000550,686035920052, Sell,MESZ6,MES,Micro E-mini S&P 500,7778.25,5,10/02/2026 10:55:14,686035920052, Filled,-2,0,0.25,,686035920052,10/02/2026 10:55:10,10/2/26,5,Chart, Limit,7778.25,,7778.25,,5,7778.25,7778.25,,"194,456.25",USD
686035920061,APEX30588500000550,686035920061, Buy,MESZ6,MES,Micro E-mini S&P 500,,,,686035920061, Canceled,-2,0,0.25,,686035920061,10/02/2026 10:55:24,10/2/26,10,Chart, Limit,7766.50,,7766.5,,,,,,,USD
686035920064,APEX30588500000550,686035920064, Sell,MESZ6,MES,Micro E-mini S&P 500,,,,686035920064, Canceled,-2,0,0.25,,686035920064,10/02/2026 11:01:17,10/2/26,10,Chart, Limit,7783.25,,7783.25,,,,,,,USD
686035920070,APEX30588500000550,686035920070, Sell,MESZ6,MES,Micro E-mini S&P 500,7783.5,5,10/02/2026 11:01:27,686035920070, Filled,-2,0,0.25,,686035920070,10/02/2026 11:01:26,10/2/26,5,Chart, Limit,7783.50,,7783.5,,5,7783.50,7783.5,,"194,587.50",USD
686035920079,APEX30588500000550,686035920079, Buy,MESZ6,MES,Micro E-mini S&P 500,,,,686035920079, Canceled,-2,0,0.25,,686035920079,10/02/2026 11:02:29,10/2/26,15,Chart, Limit,7777.50,,7777.5,,,,,,,USD
686035920085,APEX30588500000550,686035920085, Buy,MESZ6,MES,Micro E-mini S&P 500,,,,686035920085, Canceled,-2,0,0.25,,686035920085,10/02/2026 11:06:04,10/2/26,15,Chart, Limit,7777.50,,7777.5,,,,,,,USD
686035920091,APEX30588500000550,686035920091, Buy,MESZ6,MES,Micro E-mini S&P 500,7777.75,15,10/02/2026 11:06:36,686035920091, Filled,-2,0,0.25,,686035920091,10/02/2026 11:06:36,10/2/26,15,Chart, Stop,,7777.75,,7777.75,15,7777.75,7777.75,,"583,331.25",USD
686035920121,APEX30588500000550,686035920121, Sell,MNQZ6,MNQ,Micro E-mini NASDAQ-100,31005.5,5,10/02/2026 11:30:23,686035920121, Filled,-2,0,0.25,,686035920121,10/02/2026 11:30:23,10/2/26,5,Chart, Limit,31005.25,,31005.25,,5,31005.50,31005.5,,"310,055.00",USD
686035920128,APEX30588500000550,686035920128, Buy,MNQZ6,MNQ,Micro E-mini NASDAQ-100,,,,686035920131, Canceled,-2,0,0.25,,686035920131,10/02/2026 11:31:06,10/2/26,5,Chart, Limit,30989.75,,30989.75,,,,,,,USD
686035920135,APEX30588500000550,686035920135, Sell,MNQZ6,MNQ,Micro E-mini NASDAQ-100,31025.5,5,10/02/2026 11:32:01,686035920141, Filled,-2,0,0.25,,686035920141,10/02/2026 11:32:01,10/2/26,5,Chart, Limit,31024.00,,31024.0,,5,31025.50,31025.5,,"310,255.00",USD
686035920148,APEX30588500000550,686035920148, Buy,MNQZ6,MNQ,Micro E-mini NASDAQ-100,,,,686035920151, Canceled,-2,0,0.25,,686035920151,10/02/2026 11:32:39,10/2/26,10,Chart, Limit,30985.25,,30985.25,,,,,,,USD
686035920158,APEX30588500000550,686035920158, Buy,MNQZ6,MNQ,Micro E-mini NASDAQ-100,31045.0,10,10/02/2026 11:34:30,686035920158, Filled,-2,0,0.25,,686035920158,10/02/2026 11:34:30,10/2/26,10,Exit, Market,,,,,10,31045.00,31045.0,,"620,900.00",USD
686035920168,APEX30588500000550,686035920168, Buy,MESZ6,MES,Micro E-mini S&P 500,7775.75,5,10/02/2026 11:51:12,686035920168, Filled,-2,0,0.25,,686035920168,10/02/2026 11:51:06,10/2/26,5,Chart, Limit,7775.75,,7775.75,,5,7775.75,7775.75,,"194,393.75",USD
686035920174,APEX30588500000550,686035920174, Sell,MESZ6,MES,Micro E-mini S&P 500,,,,686035920174, Canceled,-2,0,0.25,,686035920174,10/02/2026 11:51:41,10/2/26,5,Chart, Limit,7779.25,,7779.25,,,,,,,USD
686035920177,APEX30588500000550,686035920177, Sell,MESZ6,MES,Micro E-mini S&P 500,7776.0,5,10/02/2026 11:53:34,686035920177, Filled,-2,0,0.25,,686035920177,10/02/2026 11:52:50,10/2/26,5,Chart, Stop,,7776.00,,7776.0,5,7776.00,7776.0,,"194,400.00",USD
686035920193,APEX30588500000550,686035920193, Buy,MNQZ6,MNQ,Micro E-mini NASDAQ-100,31042.75,5,10/02/2026 12:11:08,686035920193, Filled,-2,0,0.25,,686035920193,10/02/2026 12:11:08,10/2/26,5,Chart, Limit,31042.75,,31042.75,,5,31042.75,31042.75,,"310,427.50",USD
686035920199,APEX30588500000550,686035920199, Sell,MNQZ6,MNQ,Micro E-mini NASDAQ-100,,,,686035920199, Canceled,-2,0,0.25,,686035920199,10/02/2026 12:11:47,10/2/26,5,Chart, Limit,31120.00,,31120.0,,,,,,,USD
686035920202,APEX30588500000550,686035920202, Sell,MNQZ6,MNQ,Micro E-mini NASDAQ-100,,,,686035920202, Canceled,-2,0,0.25,,686035920202,10/02/2026 12:12:09,10/2/26,5,Chart, Stop,,31006.75,,31006.75,,,,,,USD
686035920211,APEX30588500000550,686035920211, Sell,MNQZ6,MNQ,Micro E-mini NASDAQ-100,31024.25,5,10/02/2026 12:19:19,686035920211, Filled,-2,0,0.25,,686035920211,10/02/2026 12:19:19,10/2/26,5,Exit, Market,,,,,5,31024.25,31024.25,,"310,242.50",USD
686035920219,APEX30588500000550,686035920219, Sell,MNQZ6,MNQ,Micro E-mini NASDAQ-100,31027.0,10,10/02/2026 12:19:29,686035920219, Filled,-2,0,0.25,,686035920219,10/02/2026 12:19:26,10/2/26,10,Chart, Limit,31027.00,,31027.0,,10,31027.00,31027.0,,"620,540.00",USD
686035920225,APEX30588500000550,686035920225, Buy,MNQZ6,MNQ,Micro E-mini NASDAQ-100,,,,686035920231, Canceled,-2,0,0.25,,686035920231,10/02/2026 12:23:35,10/2/26,10,Chart, Limit,31000.00,,31000.0,,,,,,,USD
686035920228,APEX30588500000550,686035920228, Buy,MNQZ6,MNQ,Micro E-mini NASDAQ-100,,,,686035920228, Canceled,-2,0,0.25,,686035920228,10/02/2026 12:21:06,10/2/26,10,Chart, Stop,,31050.00,,31050.0,,,,,,USD
686035920235,APEX30588500000550,686035920235, Sell,MNQZ6,MNQ,Micro E-mini NASDAQ-100,31025.5,10,10/02/2026 12:27:22,686035920235, Filled,-2,0,0.25,,686035920235,10/02/2026 12:27:19,10/2/26,10,Chart, Limit,31025.50,,31025.5,,10,31025.50,31025.5,,"620,510.00",USD
686035920247,APEX30588500000550,686035920247, Buy,MNQZ6,MNQ,Micro E-mini NASDAQ-100,,,,686035920247, Canceled,-2,0,0.25,,686035920247,10/02/2026 12:27:37,10/2/26,5,Chart, Limit,31000.25,,31000.25,,,,,,,USD
686035920250,APEX30588500000550,686035920250, Sell,MNQZ6,MNQ,Micro E-mini NASDAQ-100,31035.5,5,10/02/2026 12:29:32,686035920250, Filled,-2,0,0.25,,686035920250,10/02/2026 12:29:31,10/2/26,5,Chart, Limit,31035.50,,31035.5,,5,31035.50,31035.5,,"310,355.00",USD
686035920260,APEX30588500000550,686035920260, Buy,MNQZ6,MNQ,Micro E-mini NASDAQ-100,31050.25,25,10/02/2026 12:51:12,686035920260, Filled,-2,0,0.25,,686035920260,10/02/2026 12:51:12,10/2/26,25,AutoLiq, Market,,,,,25,31050.25,31050.25,,"1,552,512.50",USD
