symbol,_priceFormat,_priceFormatType,_tickSize,buyFillId,sellFillId,qty,buyPrice,sellPrice,pnl,boughtTimestamp,soldTimestamp,duration
MESZ6,-2,0,0.25,686035920027,686035920007,5,7776.00,7776.50,$12.50,10/02/2026 10:46:19,10/02/2026 10:37:59,8min 19sec
MESZ6,-2,0,0.25,686035920094,686035920038,1,7777.75,7772.50,$(26.25),10/02/2026 11:06:36,10/02/2026 10:50:19,16min 17sec
MESZ6,-2,0,0.25,686035920099,686035920038,4,7777.75,7772.50,$(105.00),10/02/2026 11:06:37,10/02/2026 10:50:19,16min 18sec
MESZ6,-2,0,0.25,686035920104,686035920055,1,7777.75,7778.25,$2.50,10/02/2026 11:06:37,10/02/2026 10:55:14,11min 22sec
MESZ6,-2,0,0.25,686035920109,686035920073,4,7777.75,7783.50,$115.00,10/02/2026 11:06:40,10/02/2026 11:01:27,5min 13sec
MESZ6,-2,0,0.25,686035920109,686035920055,4,7777.75,7778.25,$10.00,10/02/2026 11:06:40,10/02/2026 10:55:14,11min 25sec
MESZ6,-2,0,0.25,686035920116,686035920073,1,7777.75,7783.50,$28.75,10/02/2026 11:06:41,10/02/2026 11:01:27,5min 14sec
MNQZ6,-2,0,0.25,686035920161,686035920145,5,31045.00,31025.50,$(195.00),10/02/2026 11:34:30,10/02/2026 11:32:01,2min 29sec
MNQZ6,-2,0,0.25,686035920161,686035920124,5,31045.00,31005.50,$(395.00),10/02/2026 11:34:30,10/02/2026 11:30:23,4min 7sec
MESZ6,-2,0,0.25,686035920171,686035920180,2,7775.75,7776.00,$2.50,10/02/2026 11:51:12,10/02/2026 11:53:34,2min 22sec
MESZ6,-2,0,0.25,686035920171,686035920185,3,7775.75,7776.00,$3.75,10/02/2026 11:51:12,10/02/2026 11:54:08,2min 55sec
MNQZ6,-2,0,0.25,686035920196,686035920214,5,31042.75,31024.25,$(185.00),10/02/2026 12:11:08,10/02/2026 12:19:19,8min 10sec
MNQZ6,-2,0,0.25,686035920263,686035920253,5,31050.25,31035.50,$(147.50),10/02/2026 12:51:12,10/02/2026 12:29:32,21min 40sec
MNQZ6,-2,0,0.25,686035920263,686035920238,10,31050.25,31025.50,$(495.00),10/02/2026 12:51:12,10/02/2026 12:27:22,23min 50sec
MNQZ6,-2,0,0.25,686035920263,686035920222,10,31050.25,31027.00,$(465.00),10/02/2026 12:51:12,10/02/2026 12:19:29,31min 43sec
